{
  "objects": {
    "\u041a\u0443\u0431_1": {
      "type": "mesh",
      "vertices": [
        [
          -1.0,
          -1.0,
          -1.0
        ],
        [
          1.0,
          -1.0,
          -1.0
        ],
        [
          1.0,
          1.0,
          -1.0
        ],
        [
          -1.0,
          1.0,
          -1.0
        ],
        [
          -1.0,
          -1.0,
          1.0
        ],
        [
          1.0,
          -1.0,
          1.0
        ],
        [
          1.0,
          1.0,
          1.0
        ],
        [
          -1.0,
          1.0,
          1.0
        ]
      ],
      "faces": [
        [
          0,
          1,
          2
        ],
        [
          0,
          2,
          3
        ],
        [
          4,
          5,
          6
        ],
        [
          4,
          6,
          7
        ],
        [
          0,
          1,
          5
        ],
        [
          0,
          5,
          4
        ],
        [
          2,
          3,
          7
        ],
        [
          2,
          7,
          6
        ],
        [
          0,
          3,
          7
        ],
        [
          0,
          7,
          4
        ],
        [
          1,
          2,
          6
        ],
        [
          1,
          6,
          5
        ]
      ],
      "color": [
        0,
        0.7,
        0.7,
        1.0
      ],
      "visible": true,
      "transform": {
        "position": [
          -0.9999813965669382,
          -0.0060997147503798555,
          -0.9999813965669382
        ],
        "rotation": [
          0,
          989.0527081489563,
          0
        ],
        "scale": [
          2.300000000000001,
          1.0,
          1.0
        ]
      },
      "animation": {
        "move_script": "result = (sin(t), cos(t), sin(t))",
        "rotation_script": "result = (0, 90*t, 0)",
        "enabled": false
      }
    }
  }
}